N_rpm,Q_m3s,H_m
22000,0.00125,440
22000,0.00139,430
22000,0.00167,410
22000,0.00194,390
22000,0.00222,360
22000,0.00250,325
22000,0.00278,280
22000,0.00306,230
22000,0.00333,170
22000,0.00361,120
